[
{
    "model": "game.question",
    "pk": 1,
    "fields": {
        "video": "video/Да_ты_че.mp4",
        "score": 5,
        "created_on": "2023-04-09T11:50:06.676Z",
        "author": 1,
        "climax_second": 5,
        "climax_video": "video/Да_ты_че_climax.mp4",
        "complexity": 1,
        "is_published": true
    }
},
{
    "model": "game.question",
    "pk": 2,
    "fields": {
        "video": "video/pingpong.mp4",
        "score": 10,
        "created_on": "2023-04-14T14:49:25.097Z",
        "author": 1,
        "climax_second": 3,
        "climax_video": "video/pingpong_climax.mp4",
        "complexity": 2,
        "is_published": true
    }
},
{
    "model": "game.question",
    "pk": 3,
    "fields": {
        "video": "video/milk.mp4",
        "score": 15,
        "created_on": "2023-04-14T15:01:00.204Z",
        "author": 1,
        "climax_second": 2,
        "climax_video": "video/milk_climax.mp4",
        "complexity": 3,
        "is_published": true
    }
},
{
    "model": "game.question",
    "pk": 4,
    "fields": {
        "video": "video/granny.mp4",
        "score": 5,
        "created_on": "2023-04-14T15:06:44.986Z",
        "author": 1,
        "climax_second": 6,
        "climax_video": "video/granny_climax.mp4",
        "complexity": 1,
        "is_published": true
    }
},
{
    "model": "game.question",
    "pk": 5,
    "fields": {
        "video": "video/basketball.mp4",
        "score": 10,
        "created_on": "2023-04-14T15:13:55.328Z",
        "author": 1,
        "climax_second": 2,
        "climax_video": "video/basketball_climax.mp4",
        "complexity": 2,
        "is_published": true
    }
},
{
    "model": "game.question",
    "pk": 6,
    "fields": {
        "video": "video/mouse.mp4",
        "score": 5,
        "created_on": "2023-04-14T16:47:27.335Z",
        "author": 1,
        "climax_second": 11,
        "climax_video": "video/mouse_climax.mp4",
        "complexity": 1,
        "is_published": true
    }
},
{
    "model": "game.question",
    "pk": 7,
    "fields": {
        "video": "video/polish.mp4",
        "score": 15,
        "created_on": "2023-04-14T16:55:45.726Z",
        "author": 1,
        "climax_second": 3,
        "climax_video": "video/polish_climax.mp4",
        "complexity": 3,
        "is_published": true
    }
},
{
    "model": "game.question",
    "pk": 8,
    "fields": {
        "video": "video/cat.mp4",
        "score": 15,
        "created_on": "2023-04-14T16:59:46.037Z",
        "author": 1,
        "climax_second": 3,
        "climax_video": "video/cat_climax.mp4",
        "complexity": 3,
        "is_published": true
    }
},
{
    "model": "game.question",
    "pk": 9,
    "fields": {
        "video": "video/bonk.mp4",
        "score": 10,
        "created_on": "2023-04-14T17:07:18.447Z",
        "author": 1,
        "climax_second": 4,
        "climax_video": "video/bonk_climax.mp4",
        "complexity": 2,
        "is_published": true
    }
},
{
    "model": "game.choice",
    "pk": 1,
    "fields": {
        "label": "Ничего не случиться",
        "label_normilized": "hичerohecлyчиtbcя",
        "question": 1,
        "is_correct": false
    }
},
{
    "model": "game.choice",
    "pk": 2,
    "fields": {
        "label": "Появится дракон",
        "label_normilized": "пoяbиtcядpakoh",
        "question": 1,
        "is_correct": false
    }
},
{
    "model": "game.choice",
    "pk": 3,
    "fields": {
        "label": "Дом исчезнет",
        "label_normilized": "дomиcчe3het",
        "question": 1,
        "is_correct": true
    }
},
{
    "model": "game.choice",
    "pk": 4,
    "fields": {
        "label": "Тык",
        "label_normilized": "tыk",
        "question": 1,
        "is_correct": false
    }
},
{
    "model": "game.choice",
    "pk": 5,
    "fields": {
        "label": "Попадет по столу",
        "label_normilized": "пoпaдetпoctoлy",
        "question": 2,
        "is_correct": false
    }
},
{
    "model": "game.choice",
    "pk": 6,
    "fields": {
        "label": "Попадет в сетку",
        "label_normilized": "пoпaдetbcetky",
        "question": 2,
        "is_correct": false
    }
},
{
    "model": "game.choice",
    "pk": 7,
    "fields": {
        "label": "Попадет в стену",
        "label_normilized": "пoпaдetbctehy",
        "question": 2,
        "is_correct": false
    }
},
{
    "model": "game.choice",
    "pk": 8,
    "fields": {
        "label": "Попадет в бабулю",
        "label_normilized": "пoпaдetb6a6yлю",
        "question": 2,
        "is_correct": true
    }
},
{
    "model": "game.choice",
    "pk": 9,
    "fields": {
        "label": "Бутылка продолжит стоять",
        "label_normilized": "6ytылkaпpoдoлжиtctoяtb",
        "question": 3,
        "is_correct": false
    }
},
{
    "model": "game.choice",
    "pk": 10,
    "fields": {
        "label": "Бутылка будет жестко избита",
        "label_normilized": "6ytылka6yдetжectkoи36иta",
        "question": 3,
        "is_correct": true
    }
},
{
    "model": "game.choice",
    "pk": 11,
    "fields": {
        "label": "Позеленеет",
        "label_normilized": "пo3eлeheet",
        "question": 3,
        "is_correct": false
    }
},
{
    "model": "game.choice",
    "pk": 12,
    "fields": {
        "label": "Взорвется",
        "label_normilized": "b3opbetcя",
        "question": 3,
        "is_correct": false
    }
},
{
    "model": "game.choice",
    "pk": 13,
    "fields": {
        "label": "Мусор уберут",
        "label_normilized": "mycopy6epyt",
        "question": 4,
        "is_correct": false
    }
},
{
    "model": "game.choice",
    "pk": 14,
    "fields": {
        "label": "Скамейка будет утилизирована",
        "label_normilized": "ckameйka6yдetytили3иpobaha",
        "question": 4,
        "is_correct": true
    }
},
{
    "model": "game.choice",
    "pk": 15,
    "fields": {
        "label": "Манипулятор ничего не захватит",
        "label_normilized": "mahипyляtophичerohe3axbatиt",
        "question": 4,
        "is_correct": false
    }
},
{
    "model": "game.choice",
    "pk": 16,
    "fields": {
        "label": "Бабуля уйдет",
        "label_normilized": "6a6yляyйдet",
        "question": 4,
        "is_correct": false
    }
},
{
    "model": "game.choice",
    "pk": 17,
    "fields": {
        "label": "Попадет в кольцо",
        "label_normilized": "пoпaдetbkoлbцo",
        "question": 5,
        "is_correct": false
    }
},
{
    "model": "game.choice",
    "pk": 18,
    "fields": {
        "label": "Не попадет в кольцо",
        "label_normilized": "heпoпaдetbkoлbцo",
        "question": 5,
        "is_correct": false
    }
},
{
    "model": "game.choice",
    "pk": 19,
    "fields": {
        "label": "Попадет не в кольцо",
        "label_normilized": "пoпaдethebkoлbцo",
        "question": 5,
        "is_correct": true
    }
},
{
    "model": "game.choice",
    "pk": 20,
    "fields": {
        "label": "Не попадет не в кольцо",
        "label_normilized": "heпoпaдethebkoлbцo",
        "question": 5,
        "is_correct": false
    }
},
{
    "model": "game.choice",
    "pk": 21,
    "fields": {
        "label": "Зверек прыгнет",
        "label_normilized": "3bepekпpыrhet",
        "question": 6,
        "is_correct": true
    }
},
{
    "model": "game.choice",
    "pk": 22,
    "fields": {
        "label": "Зверек упадет",
        "label_normilized": "3bepekyпaдet",
        "question": 6,
        "is_correct": false
    }
},
{
    "model": "game.choice",
    "pk": 23,
    "fields": {
        "label": "Зверек убежит",
        "label_normilized": "3bepeky6eжиt",
        "question": 6,
        "is_correct": false
    }
},
{
    "model": "game.choice",
    "pk": 24,
    "fields": {
        "label": "Зверек закричит",
        "label_normilized": "3bepek3akpичиt",
        "question": 6,
        "is_correct": false
    }
},
{
    "model": "game.choice",
    "pk": 25,
    "fields": {
        "label": "Так и продолжат бегать",
        "label_normilized": "takипpoдoлжat6eratb",
        "question": 7,
        "is_correct": false
    }
},
{
    "model": "game.choice",
    "pk": 26,
    "fields": {
        "label": "Покрасят под хром",
        "label_normilized": "пokpacяtпoдxpom",
        "question": 7,
        "is_correct": true
    }
},
{
    "model": "game.choice",
    "pk": 27,
    "fields": {
        "label": "Дед убежит",
        "label_normilized": "дeдy6eжиt",
        "question": 7,
        "is_correct": false
    }
},
{
    "model": "game.choice",
    "pk": 28,
    "fields": {
        "label": "Оператор убежит",
        "label_normilized": "oпepatopy6eжиt",
        "question": 7,
        "is_correct": false
    }
},
{
    "model": "game.choice",
    "pk": 29,
    "fields": {
        "label": "Кот лизнет камеру",
        "label_normilized": "kotли3hetkamepy",
        "question": 8,
        "is_correct": false
    }
},
{
    "model": "game.choice",
    "pk": 30,
    "fields": {
        "label": "Занюхнет камеру",
        "label_normilized": "3ahюxhetkamepy",
        "question": 8,
        "is_correct": true
    }
},
{
    "model": "game.choice",
    "pk": 31,
    "fields": {
        "label": "Убежит",
        "label_normilized": "y6eжиt",
        "question": 8,
        "is_correct": false
    }
},
{
    "model": "game.choice",
    "pk": 32,
    "fields": {
        "label": "Отпрыгнет",
        "label_normilized": "otпpыrhet",
        "question": 8,
        "is_correct": false
    }
},
{
    "model": "game.choice",
    "pk": 33,
    "fields": {
        "label": "Попадет по груше",
        "label_normilized": "пoпaдetпorpyшe",
        "question": 9,
        "is_correct": false
    }
},
{
    "model": "game.choice",
    "pk": 34,
    "fields": {
        "label": "Палочка выпадет",
        "label_normilized": "пaлoчkabыпaдet",
        "question": 9,
        "is_correct": false
    }
},
{
    "model": "game.choice",
    "pk": 35,
    "fields": {
        "label": "Попадет себе по лицу",
        "label_normilized": "пoпaдetce6eпoлицy",
        "question": 9,
        "is_correct": true
    }
},
{
    "model": "game.choice",
    "pk": 36,
    "fields": {
        "label": "Попадет мимо",
        "label_normilized": "пoпaдetmиmo",
        "question": 9,
        "is_correct": false
    }
},
{
    "model": "users.user",
    "pk": 1,
    "fields": {
        "password": "pbkdf2_sha256$260000$SODlusM3XVrrg7h9zNDKR6$gcLCe5TrwqHfXA/j7nUf3xn3KLqrVYFyIJOXszbhRC8=",
        "last_login": "2023-04-18T07:01:39.466Z",
        "is_superuser": true,
        "username": "feremin",
        "first_name": "",
        "last_name": "",
        "email": "ereminfedor8652@list.ru",
        "is_staff": true,
        "is_active": true,
        "date_joined": "2023-04-17T18:07:28.745Z",
        "image": "",
        "score": 110,
        "session_points": 0,
        "groups": [],
        "user_permissions": [],
        "seen_questions": [
            1,
            2,
            3,
            4,
            6,
            7,
            9
        ]
    }
},
{
    "model": "users.user",
    "pk": 2,
    "fields": {
        "password": "pbkdf2_sha256$260000$YDXFVtAJDMt70cH1U7tx7e$A31SvA49j8FPUEwpeYZjlea3E000OkXRnlBkFeOpnxU=",
        "last_login": "2023-04-18T10:16:15.960Z",
        "is_superuser": false,
        "username": "slave",
        "first_name": "slava",
        "last_name": "",
        "email": "slave@ya.ry",
        "is_staff": false,
        "is_active": true,
        "date_joined": "2023-04-18T10:15:32.493Z",
        "image": "",
        "score": 15,
        "session_points": 0,
        "groups": [],
        "user_permissions": [],
        "seen_questions": [
            1,
            2,
            3,
            4,
            5,
            6,
            7,
            8,
            9
        ]
    }
}
]
